2,2,,,Montgomery,Alabama,36134
2,2,,,Montgomery,Alabama,36134
3,441,,,,316-510-9138,2
3,174,trothchild3o@pinterest.com,,785-790-7373,467-631-6632,5
2,287,,,Rochester,New York,14646
2,287,,,Rochester,New York,14646
2,999,,,Rochester,New York,14646
1,168,Rozelle,Heda,Farnill
2,204,2 Warner Junction,,Akron,Ohio,44305
2,204,2 Warner Junction,,Akron,Ohio,44305
1,213,,Buiron,Franzelini
3,317,,,440-717-3397,116-241-0481,2
3,338,,,868-503-6167,753-834-3938,2
2,194,538 Lakeland Point,,,,
2,194,538 Lakeland Point,,,,
2,24,924 Ohio Road,,Oklahoma City,Oklahoma,73147
2,24,924 Ohio Road,,Oklahoma City,Oklahoma,73147
1,315,Way,Desirae,Messier
2,278,383 Schmedeman Place,,Nashville,Tennessee,37250
2,278,383 Schmedeman Place,,Nashville,Tennessee,37250
1,156,Harris,Sidnee,Tyt
2,472,564 Acker Street,,Columbus,Ohio,43215
2,472,564 Acker Street,,Columbus,Ohio,43215
3,229,,,,531-606-0159,
1,268,Germaine,,
2,316,84 Schlimgen Park,,Houston,Texas,77020
2,316,84 Schlimgen Park,,Houston,Texas,77020
2,201,81817 Oxford Drive,,Houston,Texas,77250
2,201,81817 Oxford Drive,,Houston,Texas,77250
3,402,lgrigsby7k@rediff.com,442-823-7304,665-459-8227,717-970-6053,1
2,437,,,Jacksonville,Florida,32255
2,437,,,Jacksonville,Florida,32255
1,215,Janetta,,
2,126,9533 Pawling Way,,Oklahoma City,Oklahoma,73124
2,126,9533 Pawling Way,,Oklahoma City,Oklahoma,73124
1,248,Veda,,
2,186,,,Everett,Washington,98206
2,186,,,Everett,Washington,98206
2,184,24 5th Plaza,,Spartanburg,South Carolina,29305
2,184,24 5th Plaza,,Spartanburg,South Carolina,29305
1,262,Carmelia,Dione,Vassbender
3,127,,,,169-709-5142,4
3,421,,,,437-482-0058,3
3,426,,,769-263-9785,819-694-6232,
2,77,2 Ridgeway Crossing,,Lubbock,Texas,79405
2,77,2 Ridgeway Crossing,,Lubbock,Texas,79405
2,411,8 Farmco Avenue,,,,
2,411,8 Farmco Avenue,,,,
2,463,0376 Redwing Court,,Oklahoma City,Oklahoma,73152
2,463,0376 Redwing Court,,Oklahoma City,Oklahoma,73152
1,293,Uta,,
2,360,5225 Mockingbird Street,,Daytona Beach,Florida,32128
2,360,5225 Mockingbird Street,,Daytona Beach,Florida,32128
2,364,,,Little Rock,Arkansas,72215
2,364,,,Little Rock,Arkansas,72215
3,137,,,411-410-2971,166-521-7761,3
2,39,,,Oklahoma City,Oklahoma,73142
2,39,,,Oklahoma City,Oklahoma,73142
3,409,ssemper83@mapquest.com,885-330-0913,654-845-4431,,
2,370,02 Bluestem Hill,,Columbia,Missouri,65218
2,370,02 Bluestem Hill,,Columbia,Missouri,65218
2,332,,,Nashville,Tennessee,37220
2,332,,,Nashville,Tennessee,37220
2,20,44 Melrose Terrace,,Miami,Florida,33245
2,20,44 Melrose Terrace,,Miami,Florida,33245
2,307,74779 Dennis Drive,,Santa Barbara,California,93150
2,307,74779 Dennis Drive,,Santa Barbara,California,93150
2,97,151 Stone Corner Center,,Detroit,Michigan,48275
2,97,151 Stone Corner Center,,Detroit,Michigan,48275
3,298,,,,697-282-9297,
3,318,creichelt1r@loc.gov,,,773-821-5111,
1,167,Babbette,Marja,Brunotti
2,448,24773 Myrtle Parkway,,San Antonio,Texas,78265
2,448,24773 Myrtle Parkway,,San Antonio,Texas,78265
2,494,9041 Donald Point,,,,
2,494,9041 Donald Point,,,,
2,424,80356 Oxford Drive,,,,
2,424,80356 Oxford Drive,,,,
1,63,,Marco,Ward
3,164,ngoodband6r@meetup.com,,155-732-7459,310-350-9258,5
2,483,,,Virginia Beach,Virginia,23459
2,483,,,Virginia Beach,Virginia,23459
3,315,bdunseath3p@feedburner.com,,,,5
2,13,826 Grim Circle,,,,
2,13,826 Grim Circle,,,,
2,199,75 Golf Course Place,,Arlington,Virginia,22212
2,199,75 Golf Course Place,,Arlington,Virginia,22212
2,111,,,Portland,Oregon,97206
2,111,,,Portland,Oregon,97206
1,438,,Ricard,Stump
3,457,,814-310-1009,,276-859-1001,
2,462,4404 Monterey Drive,,,,
2,462,4404 Monterey Drive,,,,
3,395,lmcparlandak@msn.com,,367-522-2489,212-454-1173,2
2,207,,,Newark,Delaware,19714
2,207,,,Newark,Delaware,19714
2,175,230 Forest Pass,,Jackson,Tennessee,38308
2,175,230 Forest Pass,,Jackson,Tennessee,38308
3,221,aprettyjohns3g@japanpost.jp,977-432-5525,,196-389-4430,1
3,167,head59@usnews.com,661-950-8227,,815-284-4647,
1,391,,Benny,Seacombe
2,366,1427 Green Place,,Memphis,Tennessee,38188
2,366,1427 Green Place,,Memphis,Tennessee,38188
3,177,rsankey3a@foxnews.com,,150-419-4453,862-255-4566,
1,358,,Aidan,McGlaughn
2,153,48 Sauthoff Court,,,,
2,153,48 Sauthoff Court,,,,
1,271,Noe,Krishna,Berendsen
2,42,83773 Loftsgordon Pass,,,,
2,42,83773 Loftsgordon Pass,,,,
2,311,95 Anhalt Hill,,,,
2,311,95 Anhalt Hill,,,,
1,138,Fairleigh,Lily,Cramer
3,470,ntomkysap@adobe.com,,613-709-3513,977-312-2113,1
2,225,47 Randy Court,,Dallas,Texas,75287
2,225,47 Randy Court,,Dallas,Texas,75287
2,16,80 Hoepker Drive,,,,
2,16,80 Hoepker Drive,,,,
2,232,763 Fulton Place,,Atlanta,Georgia,30306
2,232,763 Fulton Place,,Atlanta,Georgia,30306
2,198,,,Evansville,Indiana,47747
2,198,,,Evansville,Indiana,47747
1,460,,Retha,O' Mullan
2,319,,,Dayton,Ohio,45419
2,319,,,Dayton,Ohio,45419
1,429,Granger,,
1,229,Roland,Zacharie,Glede
2,313,,,Edmond,Oklahoma,73034
2,313,,,Edmond,Oklahoma,73034
2,299,,,Shawnee Mission,Kansas,66286
2,299,,,Shawnee Mission,Kansas,66286
2,312,707 Arizona Trail,,,,
2,312,707 Arizona Trail,,,,
2,469,3 Center Street,,Hartford,Connecticut,06183
2,469,3 Center Street,,Hartford,Connecticut,06183
1,46,,Marchelle,Sanham
2,342,,,Austin,Texas,78764
2,342,,,Austin,Texas,78764
2,76,070 Sycamore Junction,,Montgomery,Alabama,36195
2,76,070 Sycamore Junction,,Montgomery,Alabama,36195
3,56,tglyssanne5v@bigcartel.com,,,211-105-7455,2
2,189,29744 Express Junction,,,,
2,189,29744 Express Junction,,,,
2,328,195 Doe Crossing Avenue,,,,
2,328,195 Doe Crossing Avenue,,,,
2,203,49842 Manitowish Court,,,,
2,203,49842 Manitowish Court,,,,
3,424,,,,486-650-6027,
2,84,788 Anderson Center,,Virginia Beach,Virginia,23454
2,84,788 Anderson Center,,Virginia Beach,Virginia,23454
2,120,5 Hauk Street,,Palm Bay,Florida,32909
2,120,5 Hauk Street,,Palm Bay,Florida,32909
1,314,Dur,,
3,278,ccordelette3t@github.io,793-281-0241,568-972-3878,563-887-6119,2
3,41,cdevote97@utexas.edu,,775-904-5257,,1
3,65,tboothebie8e@youku.com,456-897-5891,,541-478-3548,3
3,421,csneyd6j@pbs.org,,203-378-9868,855-210-0879,4
1,330,Caroljean,Missy,Lille
1,461,Jacenta,Cicely,Scallan
1,442,Buffy,,
2,56,9684 Ludington Parkway,,Salem,Oregon,97312
2,56,9684 Ludington Parkway,,Salem,Oregon,97312
2,276,9220 Summer Ridge Road,,Charlotte,North Carolina,28205
2,276,9220 Summer Ridge Road,,Charlotte,North Carolina,28205
2,300,905 Michigan Point,,,,
2,300,905 Michigan Point,,,,
3,247,mgoldescl@naver.com,,540-105-7433,,1
2,253,,,Tampa,Florida,33680
2,253,,,Tampa,Florida,33680
2,174,16 Ridgeview Pass,,Pittsburgh,Pennsylvania,15261
2,174,16 Ridgeview Pass,,Pittsburgh,Pennsylvania,15261
2,124,,,Austin,Texas,78759
2,124,,,Austin,Texas,78759
3,214,ayannoni7a@cmu.edu,,797-385-7285,,2
2,60,47119 Bashford Circle,,Norcross,Georgia,30092
2,60,47119 Bashford Circle,,Norcross,Georgia,30092
1,185,Gerick,Inez,Kabos
2,316,67214 Bellgrove Point,,,,
2,316,67214 Bellgrove Point,,,,
2,173,,,Birmingham,Alabama,35242
2,173,,,Birmingham,Alabama,35242
2,414,38 Miller Circle,,Lakeland,Florida,33811
2,414,38 Miller Circle,,Lakeland,Florida,33811
1,426,,Shanan,Leamy
1,166,Christophorus,Franciskus,Sheach
3,326,pheymann7b@exblog.jp,322-946-5168,989-904-4669,296-834-2504,1
1,126,,Rubie,Dovydenas
2,167,,,Sacramento,California,94237
2,167,,,Sacramento,California,94237
2,40,7 Talmadge Pass,,,,
2,40,7 Talmadge Pass,,,,
3,118,,,425-583-1042,217-789-8607,
2,54,,,Denver,Colorado,80279
2,54,,,Denver,Colorado,80279
2,426,6684 Dorton Junction,,Sioux Falls,South Dakota,57188
2,426,6684 Dorton Junction,,Sioux Falls,South Dakota,57188
1,443,Lura,Kaia,Fitton
3,348,ahammorc8@wiley.com,,569-289-7742,370-435-5487,5
3,379,edyott85@cloudflare.com,,,642-429-8005,2
1,96,Doloritas,Kelsy,Scragg
3,356,,,,690-127-3483,3
2,240,,,Oklahoma City,Oklahoma,73147
2,240,,,Oklahoma City,Oklahoma,73147
1,158,Alikee,,
1,329,Emmalynn,Lester,Rollinshaw
3,455,,,,472-750-8508,5
3,5,,,,732-741-2115,
3,109,rcrump7y@indiegogo.com,,,576-183-2977,3
2,56,,,Durham,North Carolina,27710
2,56,,,Durham,North Carolina,27710
3,70,lburdge8s@simplemachines.org,,,178-813-6279,
1,210,Audy,Quill,Saban
1,226,Reggi,Ashly,Heinrich
1,113,Melantha,,
2,483,8592 Aberg Junction,,Glendale,Arizona,85305
2,483,8592 Aberg Junction,,Glendale,Arizona,85305
2,29,42212 Carioca Terrace,,Saint Louis,Missouri,63180
2,29,42212 Carioca Terrace,,Saint Louis,Missouri,63180
2,456,,,Tucson,Arizona,85737
2,456,,,Tucson,Arizona,85737
3,322,,,,514-951-4558,
1,444,Dominica,Jozef,Sawdon
2,193,19 Marquette Point,,Little Rock,Arkansas,72215
2,193,19 Marquette Point,,Little Rock,Arkansas,72215
3,80,eshoulder2h@abc.net.au,,692-664-1473,,
3,246,,,,675-201-6154,2
2,490,2528 Ronald Regan Point,,Omaha,Nebraska,68179
2,490,2528 Ronald Regan Point,,Omaha,Nebraska,68179
1,401,Jessey,Misha,Boyen
2,441,83969 Iowa Street,,,,
2,441,83969 Iowa Street,,,,
2,295,988 Hanover Parkway,,Tulsa,Oklahoma,74116
2,295,988 Hanover Parkway,,Tulsa,Oklahoma,74116
1,271,,Giffy,Worshall
1,79,Selina,Grata,Faughny
3,190,adurham3x@devhub.com,,333-262-3806,658-889-4477,1
1,385,Merola,Lowe,Duberry
3,72,vmackeller7d@geocities.jp,,908-849-3036,856-620-1627,4
3,355,,623-782-6124,,540-985-8509,5
2,4,7270 Boyd Crossing,,Lubbock,Texas,79491
2,4,7270 Boyd Crossing,,Lubbock,Texas,79491
2,53,6 Summer Ridge Center,,Seattle,Washington,98166
2,53,6 Summer Ridge Center,,Seattle,Washington,98166
1,43,,Claudio,Gniewosz
3,355,mwadec7@barnesandnoble.com,,400-930-0968,998-821-8965,
2,324,84843 Sauthoff Circle,,Abilene,Texas,79605
2,324,84843 Sauthoff Circle,,Abilene,Texas,79605
2,499,,,Long Beach,California,90831
2,499,,,Long Beach,California,90831
3,450,,,256-364-5621,244-245-6681,
3,12,pedwardd4@google.ca,988-421-0288,251-209-7303,840-431-5158,3
3,268,yodoghesty9s@skype.com,,646-105-7560,357-992-0132,3
2,178,2171 Magdeline Center,,,,
2,178,2171 Magdeline Center,,,,
3,243,vtawton36@ucoz.ru,,,583-639-4712,5
3,268,cgoodliffe92@goo.gl,,724-103-3226,825-932-1251,2
2,129,555 Veith Court,,Orlando,Florida,32854
2,129,555 Veith Court,,Orlando,Florida,32854
2,231,9 Utah Parkway,,Des Moines,Iowa,50347
2,231,9 Utah Parkway,,Des Moines,Iowa,50347
2,155,1 Hovde Alley,,Salt Lake City,Utah,84189
2,155,1 Hovde Alley,,Salt Lake City,Utah,84189
2,404,,,Raleigh,North Carolina,27690
2,404,,,Raleigh,North Carolina,27690
2,40,6037 Annamark Parkway,,,,
2,40,6037 Annamark Parkway,,,,
2,239,,,Fort Lauderdale,Florida,33330
2,239,,,Fort Lauderdale,Florida,33330
2,196,,,Irving,Texas,75062
2,196,,,Irving,Texas,75062
2,373,6 Mariners Cove Crossing,,Roanoke,Virginia,24014
2,373,6 Mariners Cove Crossing,,Roanoke,Virginia,24014
3,448,jtimbridgeah@hexun.com,,,,1
2,14,12 Heffernan Alley,,,,
2,14,12 Heffernan Alley,,,,
2,467,,,Louisville,Kentucky,40298
2,467,,,Louisville,Kentucky,40298
1,343,Rabi,Jedediah,Jurisch
3,439,eblitza5@intel.com,,,736-164-6745,
1,182,Austine,Charita,Rubinsohn
2,89,92 Vahlen Hill,,Shawnee Mission,Kansas,66205
2,89,92 Vahlen Hill,,Shawnee Mission,Kansas,66205
2,313,4 Vahlen Avenue,,Round Rock,Texas,78682
2,313,4 Vahlen Avenue,,Round Rock,Texas,78682
2,62,04 Pankratz Road,,,,
2,62,04 Pankratz Road,,,,
1,132,Maisie,,
1,150,Tybi,Catharine,Haresign
2,434,,,Charleston,West Virginia,25389
2,434,,,Charleston,West Virginia,25389
2,54,08198 Lotheville Plaza,,,,
2,54,08198 Lotheville Plaza,,,,
2,298,115 Corben Pass,,,,
2,298,115 Corben Pass,,,,
3,28,pmccriskenc9@fda.gov,,305-206-2583,133-742-7746,2
2,135,3 Iowa Place,,,,
2,135,3 Iowa Place,,,,
3,209,,751-459-5477,911-111-8835,469-218-3194,
3,484,,,577-913-2715,,4
2,309,367 Banding Street,,,,
2,309,367 Banding Street,,,,
1,358,Laurie,Candace,Swinfon
2,127,56 Macpherson Junction,,Birmingham,Alabama,35279
2,127,56 Macpherson Junction,,Birmingham,Alabama,35279
2,453,4 Mallory Court,,Wichita,Kansas,67260
2,453,4 Mallory Court,,Wichita,Kansas,67260
2,41,933 Elgar Plaza,,,,
2,41,933 Elgar Plaza,,,,
3,346,cgolagleybb@t-online.de,,324-641-3591,535-427-7055,
2,220,,,Terre Haute,Indiana,47805
2,220,,,Terre Haute,Indiana,47805
2,211,8 American Center,,,,
2,211,8 American Center,,,,
3,131,hblonden5s@abc.net.au,,408-971-2537,574-528-0376,1
2,161,5 Blackbird Junction,,,,
2,161,5 Blackbird Junction,,,,
3,168,jgreggersen18@taobao.com,,,,4
1,244,Dew,Edith,Gillan
3,340,dfauldsaa@delicious.com,,,916-668-5869,3
1,118,Janet,Alie,Kiss
3,58,,,,787-140-3737,1
2,498,11 Manley Drive,,Saint Paul,Minnesota,55108
2,498,11 Manley Drive,,Saint Paul,Minnesota,55108
2,259,31 Coleman Trail,,,,
2,259,31 Coleman Trail,,,,
1,454,,Klement,Kienzle
1,243,Georgetta,Isaac,Marquess
3,60,zgerty2v@cloudflare.com,,,247-216-5397,3
3,248,ccastangia2z@com.com,397-493-7158,769-751-3521,537-791-7189,
1,350,Dacie,Evelin,Poytheras
2,276,26986 Merchant Drive,,Houston,Texas,77234
2,276,26986 Merchant Drive,,Houston,Texas,77234
2,352,6 Nelson Parkway,,San Antonio,Texas,78260
2,352,6 Nelson Parkway,,San Antonio,Texas,78260
1,276,Addie,,
2,128,8380 Mendota Circle,,Spartanburg,South Carolina,29319
2,128,8380 Mendota Circle,,Spartanburg,South Carolina,29319
2,340,598 Acker Street,,Houston,Texas,77005
2,340,598 Acker Street,,Houston,Texas,77005
3,5,btrubshawe5i@de.vu,,,,5
3,133,tmanwaringc6@list-manage.com,,501-902-2921,190-212-4607,1
3,58,,,858-245-7707,,4
1,253,Rockwell,,
1,250,Stacee,,
2,411,,,Largo,Florida,34643
2,411,,,Largo,Florida,34643
1,39,Clemmie,Shelly,O'Keefe
1,40,Tabbie,Keriann,Nazareth
2,154,,,San Diego,California,92160
2,154,,,San Diego,California,92160
3,223,cstuffins3w@ask.com,,778-741-8340,645-728-9886,4
2,80,9 Elgar Crossing,,Chattanooga,Tennessee,37416
2,80,9 Elgar Crossing,,Chattanooga,Tennessee,37416
2,452,,,Las Vegas,Nevada,89130
2,452,,,Las Vegas,Nevada,89130
2,46,5042 Washington Trail,,,,
2,46,5042 Washington Trail,,,,
3,255,sloadecm@plala.or.jp,,366-109-0044,485-134-1314,3
3,119,,,,423-545-0683,5
2,412,,,Huntington,West Virginia,25721
2,412,,,Huntington,West Virginia,25721
2,392,08 Longview Pass,,Cincinnati,Ohio,45218
2,392,08 Longview Pass,,Cincinnati,Ohio,45218
2,346,1 Oneill Road,,Atlanta,Georgia,30343
2,346,1 Oneill Road,,Atlanta,Georgia,30343
2,117,6520 Wayridge Crossing,,Richmond,Virginia,23260
2,117,6520 Wayridge Crossing,,Richmond,Virginia,23260
2,405,76567 Kennedy Circle,,,,
2,405,76567 Kennedy Circle,,,,
2,221,,,Richmond,California,94807
2,221,,,Richmond,California,94807
3,61,selsie5r@addtoany.com,,,,2
2,245,20 Ridgeway Crossing,,Little Rock,Arkansas,72215
2,245,20 Ridgeway Crossing,,Little Rock,Arkansas,72215
2,386,54120 Summit Park,,,,
2,386,54120 Summit Park,,,,
2,80,6 Norway Maple Terrace,,Mc Keesport,Pennsylvania,15134
2,80,6 Norway Maple Terrace,,Mc Keesport,Pennsylvania,15134
3,111,khopfner1o@so-net.ne.jp,,,,1
1,183,Clo,Baxie,Tailby
3,41,,952-320-2974,808-439-5704,813-206-3095,5
3,89,ppetrias@seesaa.net,,112-319-0884,616-904-6221,2
3,181,,444-912-1196,889-590-3309,180-655-4752,3
2,75,,,Jacksonville,Florida,32204
2,75,,,Jacksonville,Florida,32204
2,143,,,Athens,Georgia,30605
2,143,,,Athens,Georgia,30605
3,326,peborall2p@livejournal.com,,594-437-5748,682-619-3814,3
2,168,,,Long Beach,California,90847
2,168,,,Long Beach,California,90847
3,239,uswatmanbq@geocities.com,818-765-7844,,929-696-1606,1
3,175,kalgore9u@tumblr.com,753-348-5497,,764-428-4001,1
3,24,rnicholson51@princeton.edu,318-319-9834,698-177-5068,671-897-4129,5
2,104,,,Redwood City,California,94064
2,104,,,Redwood City,California,94064
2,116,6655 Rusk Junction,,,,
2,116,6655 Rusk Junction,,,,
2,59,1320 Algoma Drive,,,,
2,59,1320 Algoma Drive,,,,
2,396,,,Kansas City,Missouri,64160
2,396,,,Kansas City,Missouri,64160
2,485,39891 Leroy Plaza,,Hampton,Virginia,23668
2,485,39891 Leroy Plaza,,Hampton,Virginia,23668
2,487,2 Spohn Point,,,,
2,487,2 Spohn Point,,,,
1,312,Velma,Fabien,Marion
3,190,,185-105-5310,208-653-6862,,
1,55,Deny,,
1,14,Griswold,,
2,229,7 Cambridge Avenue,,,,
2,229,7 Cambridge Avenue,,,,
3,16,lsommerba@jiathis.com,,,709-356-3489,4
3,253,,593-454-6668,812-764-4152,337-452-2856,3
2,264,4893 Dottie Center,,Washington,District of Columbia,20525
2,264,4893 Dottie Center,,Washington,District of Columbia,20525
2,132,90182 Brickson Park Drive,,,,
2,132,90182 Brickson Park Drive,,,,
1,77,,Chiarra,Meconi
2,177,8 Center Terrace,,San Antonio,Texas,78250
2,177,8 Center Terrace,,San Antonio,Texas,78250
2,56,,,Pittsburgh,Pennsylvania,15240
2,56,,,Pittsburgh,Pennsylvania,15240
1,364,Hobard,Sabina,Edson
3,243,bscolland5m@yahoo.com,,763-809-6875,854-628-4690,
2,44,,,Miami,Florida,33190
2,44,,,Miami,Florida,33190
1,234,Edita,,
2,183,2296 Sauthoff Street,,,,
2,183,2296 Sauthoff Street,,,,
2,369,85 Oak Valley Trail,,,,
2,369,85 Oak Valley Trail,,,,
2,3,,,Savannah,Georgia,31422
2,3,,,Savannah,Georgia,31422
2,227,0646 Donald Road,,Lancaster,Pennsylvania,17605
2,227,0646 Donald Road,,Lancaster,Pennsylvania,17605
3,464,khouldin6t@umich.edu,,,413-465-8218,
2,386,4 Tomscot Street,,Gastonia,North Carolina,28055
2,386,4 Tomscot Street,,Gastonia,North Carolina,28055
3,403,cpotkins40@ucoz.com,,296-649-2365,614-517-2673,2
2,432,008 Comanche Center,,,,
2,432,008 Comanche Center,,,,
3,74,amainson84@dropbox.com,461-246-7235,869-937-6734,,
2,79,55 Lakewood Gardens Avenue,,,,
2,79,55 Lakewood Gardens Avenue,,,,
2,383,5 Canary Crossing,,Lees Summit,Missouri,64082
2,383,5 Canary Crossing,,Lees Summit,Missouri,64082
2,338,98892 Pankratz Street,,New Orleans,Louisiana,70116
2,338,98892 Pankratz Street,,New Orleans,Louisiana,70116
2,264,,,Midland,Texas,79705
2,264,,,Midland,Texas,79705
3,76,tpenswick4k@java.com,,,391-991-7859,
3,34,ccunah7@fema.gov,,619-238-8282,460-423-9619,4
1,212,,Kellen,Fidian
2,121,212 Arapahoe Lane,,Gaithersburg,Maryland,20883
2,121,212 Arapahoe Lane,,Gaithersburg,Maryland,20883
3,56,kdri2a@unicef.org,,,,1
2,469,26304 Armistice Drive,,Wichita,Kansas,67220
2,469,26304 Armistice Drive,,Wichita,Kansas,67220
2,391,983 Raven Pass,,San Antonio,Texas,78265
2,391,983 Raven Pass,,San Antonio,Texas,78265
2,164,,,Gainesville,Florida,32610
2,164,,,Gainesville,Florida,32610
1,185,Gretchen,Johannes,Brouncker
1,243,Aubry,,
2,277,4750 Carberry Street,,Philadelphia,Pennsylvania,19184
2,277,4750 Carberry Street,,Philadelphia,Pennsylvania,19184
2,474,48636 Mallard Trail,,Saint Petersburg,Florida,33710
2,474,48636 Mallard Trail,,Saint Petersburg,Florida,33710
3,175,dcullingworth4q@dot.gov,712-570-1129,,,
1,384,,Keir,Eich
1,236,Ginevra,,
1,66,Cort,,
2,328,,,London,Kentucky,40745
2,328,,,London,Kentucky,40745
3,181,,,,331-674-6482,1
1,268,Monroe,Arty,Jaslem
3,432,blowres2d@jugem.jp,,997-847-5487,,3
2,250,202 New Castle Center,,,,
2,250,202 New Castle Center,,,,
3,318,tflooks8k@seesaa.net,,611-948-7582,102-381-6474,3
1,225,Camey,,
2,186,14 Nancy Alley,,Charlotte,North Carolina,28247
2,186,14 Nancy Alley,,Charlotte,North Carolina,28247
2,117,7588 Buell Pass,,,,
2,117,7588 Buell Pass,,,,
2,231,58 Caliangt Junction,,Miami,Florida,33185
2,231,58 Caliangt Junction,,Miami,Florida,33185
3,54,,,104-474-0505,251-449-8383,
1,308,Gardener,,
1,94,Dorothea,Gasper,Andreacci
3,96,gchippendalex@mozilla.com,,103-652-1888,389-446-7523,
1,466,Ugo,Boot,Lenz
2,381,2785 Elmside Terrace,,Sioux City,Iowa,51105
2,381,2785 Elmside Terrace,,Sioux City,Iowa,51105
2,485,,,Washington,District of Columbia,20260
2,485,,,Washington,District of Columbia,20260
1,98,,Aeriel,Berggren
1,250,,Valeda,Schimmang
1,169,Cayla,Alida,Chatburn
1,487,Susanne,,
2,147,,,Virginia Beach,Virginia,23471
2,147,,,Virginia Beach,Virginia,23471
2,29,4 Prairie Rose Junction,,Denver,Colorado,80255
2,29,4 Prairie Rose Junction,,Denver,Colorado,80255
3,268,alebang4u@howstuffworks.com,,,,2
3,129,rdrepp28@vimeo.com,,607-505-4811,,3
3,251,bgrimmolby91@eepurl.com,,423-724-2179,284-106-7623,1
2,118,14 Basil Point,,,,
2,118,14 Basil Point,,,,
2,247,8758 Fair Oaks Park,,,,
2,247,8758 Fair Oaks Park,,,,
1,222,Audy,Trey,Jacombs
2,315,7 Sheridan Place,,Newark,Delaware,19725
2,315,7 Sheridan Place,,Newark,Delaware,19725
3,143,wmarcome4x@google.com,,795-625-4110,727-321-7634,3
3,128,,,430-454-7895,718-852-0181,2
3,91,fmcbride6m@symantec.com,,778-534-0094,,
2,474,9948 Vera Crossing,,Columbus,Georgia,31904
2,474,9948 Vera Crossing,,Columbus,Georgia,31904
1,371,,Cathe,Timson
1,231,Palm,Gayel,Tainton
1,24,,Aundrea,Cluff
1,324,Aluino,Katerina,MacMenamy
1,148,Tome,,
2,338,31310 Brentwood Hill,,Spokane,Washington,99215
2,338,31310 Brentwood Hill,,Spokane,Washington,99215
2,206,2682 Fordem Parkway,,Indianapolis,Indiana,46295
2,206,2682 Fordem Parkway,,Indianapolis,Indiana,46295
2,250,65081 Buhler Terrace,,,,
2,250,65081 Buhler Terrace,,,,
2,215,,,Lexington,Kentucky,40591
2,215,,,Lexington,Kentucky,40591
3,423,mraraty8x@reference.com,,,919-800-9456,5
2,64,,,San Francisco,California,94142
2,64,,,San Francisco,California,94142
2,426,,,Huntsville,Alabama,35895
2,426,,,Huntsville,Alabama,35895
2,493,,,Green Bay,Wisconsin,54305
2,493,,,Green Bay,Wisconsin,54305
2,91,008 Northland Hill,,,,
2,91,008 Northland Hill,,,,
2,190,5176 Barnett Center,,Cincinnati,Ohio,45296
2,190,5176 Barnett Center,,Cincinnati,Ohio,45296
3,243,ctubbs9c@angelfire.com,135-921-4790,102-545-8875,686-987-4558,
2,257,12137 Crownhardt Terrace,,,,
2,257,12137 Crownhardt Terrace,,,,
2,384,88 Morrow Court,,,,
2,384,88 Morrow Court,,,,
2,164,8 Clarendon Drive,,Nashville,Tennessee,37250
2,164,8 Clarendon Drive,,Nashville,Tennessee,37250
2,359,7 Bluejay Avenue,,,,
2,359,7 Bluejay Avenue,,,,
2,139,54 Fuller Drive,,Washington,District of Columbia,20210
2,139,54 Fuller Drive,,Washington,District of Columbia,20210
2,460,015 Vahlen Center,,Knoxville,Tennessee,37919
2,460,015 Vahlen Center,,Knoxville,Tennessee,37919
3,434,,350-946-2684,,868-122-2773,2
2,366,,,Louisville,Kentucky,40210
2,366,,,Louisville,Kentucky,40210
2,285,01719 1st Road,,Washington,District of Columbia,20503
2,285,01719 1st Road,,Washington,District of Columbia,20503
3,308,atooher15@technorati.com,,,,1
2,444,,,Houston,Texas,77045
2,444,,,Houston,Texas,77045
2,191,92 Almo Parkway,,San Francisco,California,94164
2,191,92 Almo Parkway,,San Francisco,California,94164
1,256,Hayden,,
2,383,57510 Acker Plaza,,,,
2,383,57510 Acker Plaza,,,,
2,393,54054 Victoria Trail,,,,
2,393,54054 Victoria Trail,,,,
2,81,640 Warbler Plaza,,,,
2,81,640 Warbler Plaza,,,,
1,216,,Weider,Novakovic
1,414,Dalston,,
1,22,Kacey,,
2,164,60912 Warrior Street,,Lafayette,Louisiana,70505
2,164,60912 Warrior Street,,Lafayette,Louisiana,70505
3,365,kseelbachb2@surveymonkey.com,,679-509-5879,467-456-2517,3
3,6,paltham6n@phpbb.com,,,541-860-6452,2
1,275,,Brady,Gatch
2,241,197 Hoepker Road,,Minneapolis,Minnesota,55402
2,241,197 Hoepker Road,,Minneapolis,Minnesota,55402
2,3,,,Topeka,Kansas,66611
2,3,,,Topeka,Kansas,66611
2,43,08 Tomscot Pass,,,,
2,43,08 Tomscot Pass,,,,
2,361,,,El Paso,Texas,79989
2,361,,,El Paso,Texas,79989
1,286,Jolie,,
2,423,86964 Derek Place,,,,
2,423,86964 Derek Place,,,,
1,113,Vera,,
2,39,78 Hollow Ridge Plaza,,,,
2,39,78 Hollow Ridge Plaza,,,,
2,488,,,Salt Lake City,Utah,84120
2,488,,,Salt Lake City,Utah,84120
1,119,Dyane,Kelley,Saunter
2,8,,,Houston,Texas,77260
2,8,,,Houston,Texas,77260
2,259,54522 Lawn Place,,Lansing,Michigan,48919
2,259,54522 Lawn Place,,Lansing,Michigan,48919
3,75,rkilvington9p@wired.com,,932-522-1050,135-369-6986,
1,389,,Al,Ziemke
3,253,,,878-192-7394,483-941-8175,1
2,492,84408 Dawn Pass,,,,
2,492,84408 Dawn Pass,,,,
3,196,,404-508-1910,964-677-6579,823-654-7120,3
3,27,,,893-439-9340,323-870-0635,1
3,420,kottley6a@com.com,,860-467-1271,570-958-7220,4
3,110,dandriveaux95@omniture.com,,808-561-2166,484-545-0444,
2,477,,,Houston,Texas,77260
2,477,,,Houston,Texas,77260
2,207,4 Hollow Ridge Way,,,,
2,207,4 Hollow Ridge Way,,,,
1,429,,Michele,Borzoni
1,329,,Tailor,Colchett
3,69,tbough1x@ebay.com,,914-243-6663,701-285-9507,
2,177,7027 Elka Junction,,,,
2,177,7027 Elka Junction,,,,
1,177,Dunc,Cecilio,New
2,105,06 Schmedeman Drive,,,,
2,105,06 Schmedeman Drive,,,,
1,29,Pepi,,
3,186,zroberds96@examiner.com,,274-443-5726,724-260-3379,
3,264,celcombe7g@rediff.com,123-353-1300,173-725-6666,897-214-7970,3
3,33,,232-669-0989,113-514-7550,545-890-3651,5
2,485,3920 Porter Terrace,,Tulsa,Oklahoma,74133
2,485,3920 Porter Terrace,,Tulsa,Oklahoma,74133